DATE;CMIG4;SUZB3
15/12/2021 10:00;14.03;58.43
14/12/2021 14:00;14.08;57.85
14/12/2021 10:00;14.21;58.33
13/12/2021 14:00;13.99;57.72
13/12/2021 10:00;13.96;57.98
10/12/2021 14:00;13.97;58.5
10/12/2021 10:00;14.09;58.65
09/12/2021 14:00;13.83;57.91
09/12/2021 10:00;13.81;57.92
08/12/2021 14:00;13.98;58.65
08/12/2021 10:00;13.93;58.96
07/12/2021 14:00;13.75;58.32
07/12/2021 10:00;13.7;58.05
06/12/2021 14:00;13.67;57.87
06/12/2021 10:00;13.8;58.17
03/12/2021 14:00;13.8;57.1
03/12/2021 10:00;13.75;56.28
02/12/2021 14:00;13.4;58.00
02/12/2021 10:00;13.59;57.53
01/12/2021 14:00;12.96;58.05
01/12/2021 10:00;13.2;58.72
30/11/2021 14:00;13.14;56.16
30/11/2021 10:00;13.17;54.74
29/11/2021 14:00;13.45;55.67
29/11/2021 10:00;13.47;55.63
26/11/2021 14:00;13.39;54.81
26/11/2021 10:00;13.31;54.88
25/11/2021 14:00;13.65;54.73
25/11/2021 10:00;13.7;55.14
24/11/2021 14:00;13.48;54.52
24/11/2021 10:00;13.52;54.67
23/11/2021 14:00;13.65;53.16
23/11/2021 10:00;13.44;53.2
22/11/2021 14:00;13.43;52.46
22/11/2021 10:00;13.55;52.23
19/11/2021 14:00;13.6;53.55
19/11/2021 10:00;13.62;54.22
18/11/2021 14:00;13.46;52.19
18/11/2021 10:00;13.53;52.07
17/11/2021 14:00;13.42;52.41
17/11/2021 10:00;13.44;52.51
16/11/2021 14:00;13.7;53.17
16/11/2021 10:00;13.78;52.66
12/11/2021 14:00;13.92;51.37
12/11/2021 10:00;13.83;51.9
11/11/2021 14:00;13.95;50.69
11/11/2021 10:00;13.78;51.1
10/11/2021 14:00;13.76;48.75
10/11/2021 10:00;13.85;49.01
09/11/2021 14:00;13.47;49.00
09/11/2021 10:00;13.54;49.3
08/11/2021 14:00;13.22;49.62
08/11/2021 10:00;13.32;50.15
05/11/2021 14:00;13.17;49.2
05/11/2021 10:00;13.27;50.00
04/11/2021 17:30;13.05;49.4
04/11/2021 14:00;13.04;49.3
04/11/2021 10:00;13.04;48.73
03/11/2021 17:30;13.43;50.00
03/11/2021 14:00;13.32;49.77
03/11/2021 10:00;13.38;49.22
01/11/2021 17:30;13.02;49.08
01/11/2021 14:00;13.03;48.91
01/11/2021 10:00;13.15;48.85
29/10/2021 17:30;12.9;49.36
29/10/2021 14:00;12.88;49.23
29/10/2021 10:00;13.00;50.31
28/10/2021 17:30;12.89;48.88
28/10/2021 14:00;12.96;48.91
28/10/2021 10:00;13.07;49.11
27/10/2021 17:30;13.6;48.34
27/10/2021 14:00;13.44;48.38
27/10/2021 10:00;13.58;48.48
26/10/2021 17:30;13.36;50.44
26/10/2021 14:00;13.37;50.45
26/10/2021 10:00;13.35;51.28
25/10/2021 17:30;13.53;51.45
25/10/2021 14:00;13.47;51.47
25/10/2021 10:00;13.54;51.46
22/10/2021 17:30;13.31;52.36
22/10/2021 14:00;13.37;52.8
22/10/2021 10:00;13.22;53.02
21/10/2021 17:30;13.82;49.11
21/10/2021 14:00;13.78;49.2
21/10/2021 10:00;13.82;48.39
20/10/2021 17:30;14.58;48.3
20/10/2021 14:00;14.81;48.4
20/10/2021 10:00;14.93;48.93
19/10/2021 17:30;14.82;48.79
19/10/2021 14:00;14.77;48.73
19/10/2021 10:00;14.84;49.14
18/10/2021 17:30;15.15;49.81
18/10/2021 14:00;15.11;49.8
18/10/2021 10:00;15.1;49.87
15/10/2021 17:30;14.98;50.67
15/10/2021 14:00;15.00;50.91
15/10/2021 10:00;15.04;51.34
14/10/2021 17:30;15.16;49.76
14/10/2021 14:00;15.09;49.86
14/10/2021 10:00;15.1;49.55
13/10/2021 17:30;15.05;51.00
13/10/2021 14:00;15.00;50.99
13/10/2021 10:00;15.04;51.78
11/10/2021 17:30;14.67;50.28
11/10/2021 14:00;14.58;50.2
11/10/2021 10:00;14.78;50.87
08/10/2021 17:30;14.17;49.48
08/10/2021 14:00;14.13;49.31
08/10/2021 10:00;14.15;49.75
07/10/2021 17:30;13.83;49.39
07/10/2021 14:00;13.74;49.43
07/10/2021 10:00;13.85;49.11
06/10/2021 17:30;13.91;49.76
06/10/2021 14:00;13.8;49.69
06/10/2021 10:00;13.7;49.89
05/10/2021 17:30;14.05;50.35
05/10/2021 14:00;14.08;50.35
05/10/2021 10:00;14.01;50.38
04/10/2021 17:30;14.05;51.22
04/10/2021 14:00;14.08;51.32
04/10/2021 10:00;14.03;51.33
01/10/2021 17:30;14.1;52.49
01/10/2021 14:00;14.18;52.47
01/10/2021 10:00;14.12;52.43
30/09/2021 17:30;13.95;54.52
30/09/2021 14:00;14.03;54.52
30/09/2021 10:00;14.14;55.01
29/09/2021 17:30;14.2;53.81
29/09/2021 14:00;14.23;54.00
29/09/2021 10:00;14.26;54.29
28/09/2021 17:30;14.16;53.38
28/09/2021 14:00;14.2;53.55
28/09/2021 10:00;14.26;53.36
27/09/2021 17:30;14.41;55.05
27/09/2021 14:00;14.48;54.99
27/09/2021 10:00;14.51;54.82
24/09/2021 17:30;14.18;55.59
24/09/2021 14:00;14.15;55.5
24/09/2021 10:00;14.08;55.39
23/09/2021 17:30;14.05;55.45
23/09/2021 14:00;14.08;55.83
23/09/2021 10:00;14.08;54.98
22/09/2021 17:30;14.00;53.84
22/09/2021 14:00;14.05;53.84
22/09/2021 10:00;14.17;54.19
21/09/2021 17:30;13.91;51.65
21/09/2021 14:00;13.95;51.95
21/09/2021 10:00;13.99;51.14
20/09/2021 17:30;13.77;51.88
20/09/2021 14:00;13.74;51.36
20/09/2021 10:00;13.75;51.08
17/09/2021 17:30;13.72;52.19
17/09/2021 14:00;13.76;52.61
17/09/2021 10:00;13.69;52.66
16/09/2021 17:30;13.83;54.98
16/09/2021 14:00;13.78;54.78
16/09/2021 10:00;13.78;55.67
15/09/2021 17:30;13.77;57.95
15/09/2021 14:00;13.75;58.12
15/09/2021 10:00;13.72;57.85
14/09/2021 17:30;13.8;60.1
14/09/2021 14:00;13.76;60.05
14/09/2021 10:00;13.86;60.49
13/09/2021 17:30;13.64;59.88
13/09/2021 14:00;13.67;59.92
13/09/2021 10:00;13.63;59.78
10/09/2021 17:30;13.44;60.77
10/09/2021 14:00;13.46;60.66
10/09/2021 10:00;13.54;61.14
09/09/2021 17:30;13.41;62.31
09/09/2021 14:00;13.37;62.25
09/09/2021 10:00;13.33;63.05
08/09/2021 17:30;13.24;62.36
08/09/2021 14:00;13.25;62.59
08/09/2021 10:00;13.35;62.35
06/09/2021 17:30;13.43;61.16
06/09/2021 14:00;13.49;61.48
06/09/2021 10:00;13.49;61.3
03/09/2021 17:30;13.47;61.85
03/09/2021 14:00;13.61;61.71
03/09/2021 10:00;13.67;61.05
02/09/2021 17:30;13.64;60.79
02/09/2021 14:00;13.69;60.74
02/09/2021 10:00;13.82;60.84
01/09/2021 17:30;13.88;61.00
01/09/2021 14:00;13.97;61.2
01/09/2021 10:00;13.84;61.45
31/08/2021 17:30;13.47;60.85
31/08/2021 14:00;13.51;61.00
31/08/2021 10:00;13.26;61.04
30/08/2021 17:30;13.17;61.77
30/08/2021 14:00;13.18;61.52
30/08/2021 10:00;13.17;61.74
27/08/2021 17:30;13.21;61.86
27/08/2021 14:00;13.24;61.9
27/08/2021 10:00;13.25;61.62
26/08/2021 17:30;12.97;61.57
26/08/2021 14:00;13.03;61.69
26/08/2021 10:00;13.24;62.53
25/08/2021 17:30;13.12;62.26
25/08/2021 14:00;13.14;62.26
25/08/2021 10:00;13.02;61.12
24/08/2021 17:30;13.04;59.09
24/08/2021 14:00;13.04;59.05
24/08/2021 10:00;12.9;58.87
23/08/2021 17:30;12.42;57.44
23/08/2021 14:00;12.5;57.48
23/08/2021 10:00;12.47;57.91
20/08/2021 17:30;12.47;56.5
20/08/2021 14:00;12.49;56.85
20/08/2021 10:00;12.43;56.86
19/08/2021 17:30;12.19;55.84
19/08/2021 14:00;12.18;55.68
19/08/2021 10:00;12.04;55.15
18/08/2021 17:30;11.93;56.01
18/08/2021 14:00;11.93;56.13
18/08/2021 10:00;11.94;57.54
17/08/2021 17:30;11.7;57.01
17/08/2021 14:00;11.7;57.3
17/08/2021 10:00;11.7;57.15
16/08/2021 17:30;11.39;57.65
16/08/2021 14:00;11.38;57.71
16/08/2021 10:00;11.43;57.62
13/08/2021 17:30;11.56;56.8
13/08/2021 14:00;11.57;56.81
13/08/2021 10:00;11.47;56.68
12/08/2021 17:30;11.43;55.5
12/08/2021 14:00;11.47;55.71
12/08/2021 10:00;11.53;55.6
11/08/2021 17:30;11.57;56.73
11/08/2021 14:00;11.61;56.5
11/08/2021 10:00;11.69;56.69
10/08/2021 17:30;11.58;56.85
10/08/2021 14:00;11.56;56.83
10/08/2021 10:00;11.76;57.23
09/08/2021 17:30;11.73;56.56
09/08/2021 14:00;11.77;56.37
09/08/2021 10:00;11.63;56.51
06/08/2021 17:30;11.74;54.36
06/08/2021 14:00;11.72;54.3
06/08/2021 10:00;11.85;54.31
05/08/2021 17:30;11.58;54.45
05/08/2021 14:00;11.61;54.57
05/08/2021 10:00;11.7;54.03
04/08/2021 17:30;11.78;55.12
04/08/2021 14:00;11.8;55.1
04/08/2021 10:00;11.82;55.38
03/08/2021 17:30;11.93;54.93
03/08/2021 14:00;11.95;54.95
03/08/2021 10:00;11.92;54.79
02/08/2021 17:30;11.85;54.67
02/08/2021 14:00;11.87;54.52
02/08/2021 10:00;12.02;55.14
30/07/2021 17:30;11.94;54.12
30/07/2021 14:00;11.94;54.07
30/07/2021 10:00;11.98;54.66
29/07/2021 17:30;12.08;55.7
29/07/2021 14:00;12.1;55.75
29/07/2021 10:00;12.15;55.56
28/07/2021 17:30;12.36;55.72
28/07/2021 14:00;12.37;55.72
28/07/2021 10:00;12.23;55.81
27/07/2021 17:30;12.12;55.8
27/07/2021 14:00;12.13;56.09
27/07/2021 10:00;12.05;55.27
26/07/2021 17:30;12.06;56.65
26/07/2021 14:00;12.09;56.64
26/07/2021 10:00;12.12;56.39
23/07/2021 17:30;12.18;56.45
23/07/2021 14:00;12.16;56.36
23/07/2021 10:00;12.19;56.23
22/07/2021 17:30;12.28;57.08
22/07/2021 14:00;12.28;57.00
22/07/2021 10:00;12.4;56.83
21/07/2021 17:30;12.2;56.7
21/07/2021 14:00;12.17;56.71
21/07/2021 10:00;12.16;56.93
20/07/2021 17:30;12.13;56.68
20/07/2021 14:00;12.14;56.6
20/07/2021 10:00;12.12;56.96
19/07/2021 17:30;11.88;56.00
19/07/2021 14:00;11.87;55.86
19/07/2021 10:00;11.83;55.67
16/07/2021 17:30;11.93;56.11
16/07/2021 14:00;11.93;56.35
16/07/2021 10:00;12.03;56.5
15/07/2021 17:30;12.01;57.4
15/07/2021 14:00;12.02;57.34
15/07/2021 10:00;12.06;57.23
14/07/2021 17:30;12.2;58.77
14/07/2021 14:00;12.14;58.78
14/07/2021 10:00;12.14;58.99
13/07/2021 17:30;11.91;59.51
13/07/2021 14:00;11.89;59.47
13/07/2021 10:00;11.97;59.61
12/07/2021 17:30;12.15;60.46
12/07/2021 14:00;12.14;60.45
12/07/2021 10:00;12.11;61.01
08/07/2021 17:30;11.77;60.95
08/07/2021 14:00;11.73;60.98
08/07/2021 10:00;11.85;61.19
07/07/2021 17:30;12.1;61.07
07/07/2021 14:00;12.08;60.95
07/07/2021 10:00;12.06;61.24
06/07/2021 17:30;11.97;59.3
06/07/2021 14:00;11.96;59.37
06/07/2021 10:00;11.97;59.01
05/07/2021 17:30;12.15;59.51
05/07/2021 14:00;12.09;59.5
05/07/2021 10:00;12.16;59.84
02/07/2021 17:30;12.13;59.19
02/07/2021 14:00;12.11;59.2
02/07/2021 10:00;12.08;59.68
01/07/2021 17:30;11.89;60.3
01/07/2021 14:00;11.89;60.33
01/07/2021 10:00;11.96;60.32
30/06/2021 17:30;12.09;59.65
30/06/2021 14:00;12.13;59.81
30/06/2021 10:00;12.15;60.22
29/06/2021 17:30;12.29;60.23
29/06/2021 14:00;12.27;60.26
29/06/2021 10:00;12.28;60.13
28/06/2021 17:30;12.55;59.8
28/06/2021 14:00;12.53;59.6
28/06/2021 10:00;12.54;59.73
25/06/2021 17:30;12.53;58.54
25/06/2021 14:00;12.53;58.41
25/06/2021 10:00;12.66;59.21
24/06/2021 17:30;12.76;59.85
24/06/2021 14:00;12.75;59.85
24/06/2021 10:00;12.66;59.68
23/06/2021 17:30;12.65;58.07
23/06/2021 14:00;12.7;58.11
23/06/2021 10:00;12.71;58.15
22/06/2021 17:30;12.81;58.79
22/06/2021 14:00;12.81;58.7
22/06/2021 10:00;12.73;59.00
21/06/2021 17:30;13.08;58.58
21/06/2021 14:00;13.07;58.5
21/06/2021 10:00;12.94;58.76
18/06/2021 17:30;13.15;56.35
18/06/2021 14:00;13.27;57.00
18/06/2021 10:00;13.12;55.97
17/06/2021 17:30;13.25;56.35
17/06/2021 14:00;13.29;56.36
17/06/2021 10:00;13.43;56.8
16/06/2021 17:30;13.47;57.83
16/06/2021 14:00;13.48;58.08
16/06/2021 10:00;13.58;57.16
15/06/2021 17:30;13.51;58.16
15/06/2021 14:00;13.51;58.17
15/06/2021 10:00;13.43;58.87
14/06/2021 17:30;13.68;58.43
14/06/2021 14:00;13.68;58.46
14/06/2021 10:00;13.66;58.6
11/06/2021 17:30;13.5;58.77
11/06/2021 14:00;13.44;58.96
11/06/2021 10:00;13.44;58.97
10/06/2021 17:30;13.7;58.74
10/06/2021 14:00;13.72;58.7
10/06/2021 10:00;13.71;58.88
09/06/2021 17:30;13.75;59.75
09/06/2021 14:00;13.76;59.7
09/06/2021 10:00;13.81;60.63
08/06/2021 17:30;13.92;58.05
08/06/2021 14:00;13.92;58.08
08/06/2021 10:00;13.79;58.23
07/06/2021 17:30;13.91;59.55
07/06/2021 14:00;13.96;59.5
07/06/2021 10:00;13.89;59.51
04/06/2021 17:30;13.79;58.76
04/06/2021 14:00;13.8;58.6
04/06/2021 10:00;13.73;58.72
02/06/2021 17:30;13.86;59.3
02/06/2021 14:00;13.9;59.28
02/06/2021 10:00;13.82;58.85
01/06/2021 17:30;13.71;59.39
01/06/2021 14:00;13.69;59.32
01/06/2021 10:00;13.77;59.21
31/05/2021 17:30;13.57;60.7
31/05/2021 14:00;13.58;60.73
31/05/2021 10:00;13.6;61.05
28/05/2021 17:30;13.7;61.51
28/05/2021 14:00;13.7;61.54
28/05/2021 10:00;13.59;61.62
27/05/2021 17:30;13.66;62.59
27/05/2021 14:00;13.75;62.6
27/05/2021 10:00;13.67;62.59
26/05/2021 17:30;13.48;62.19
26/05/2021 14:00;13.46;62.22
26/05/2021 10:00;13.36;62.98
25/05/2021 17:30;13.44;64.7
25/05/2021 14:00;13.45;64.66
25/05/2021 10:00;13.53;64.26
24/05/2021 17:30;13.42;64.35
24/05/2021 14:00;13.43;64.3
24/05/2021 10:00;13.39;64.9
21/05/2021 17:30;13.12;64.4
21/05/2021 14:00;13.12;64.85
21/05/2021 10:00;13.04;64.2
20/05/2021 17:30;13.02;63.06
20/05/2021 14:00;13.06;63.18
20/05/2021 10:00;12.97;63.84
19/05/2021 17:30;13.24;65.8
19/05/2021 14:00;13.27;65.94
19/05/2021 10:00;13.1;66.34
18/05/2021 17:30;12.61;66.19
18/05/2021 14:00;12.63;66.46
18/05/2021 10:00;12.6;66.6
17/05/2021 17:30;12.35;66.52
17/05/2021 14:00;12.4;66.52
17/05/2021 10:00;12.28;65.81
14/05/2021 17:30;12.18;65.21
14/05/2021 14:00;12.18;65.15
14/05/2021 10:00;11.97;64.97
13/05/2021 17:30;11.76;66.81
13/05/2021 14:00;11.78;66.81
13/05/2021 10:00;11.84;67.64
12/05/2021 17:30;11.54;68.85
12/05/2021 14:00;11.53;68.42
12/05/2021 10:00;11.63;69.27
11/05/2021 17:30;12.00;68.12
11/05/2021 14:00;12.01;68.32
11/05/2021 10:00;11.97;67.48
10/05/2021 17:30;11.84;68.5
10/05/2021 14:00;11.85;68.47
10/05/2021 10:00;11.93;68.57
07/05/2021 17:30;12.04;67.55
07/05/2021 14:00;12.01;67.42
07/05/2021 10:00;11.93;66.52
06/05/2021 17:30;11.98;67.5
06/05/2021 14:00;11.99;67.46
06/05/2021 10:00;11.99;67.29
05/05/2021 17:30;12.11;67.72
05/05/2021 14:00;12.1;67.67
05/05/2021 10:00;12.08;67.71
04/05/2021 17:30;11.96;67.53
04/05/2021 14:00;11.95;67.61
04/05/2021 10:00;12.01;67.76
03/05/2021 17:30;12.08;67.52
03/05/2021 14:00;12.1;67.7
03/05/2021 10:00;12.21;67.39
30/04/2021 17:30;13.98;68.6
30/04/2021 14:00;13.84;68.67
30/04/2021 10:00;13.86;69.04
29/04/2021 17:30;14.03;67.7
29/04/2021 14:00;14.03;67.64
29/04/2021 10:00;13.99;68.8
28/04/2021 17:30;14.13;67.87
28/04/2021 14:00;14.11;67.54
28/04/2021 10:00;13.82;68.83
27/04/2021 17:30;13.36;70.37
27/04/2021 14:00;13.33;70.87
27/04/2021 10:00;13.52;70.42
26/04/2021 17:30;13.45;69.15
26/04/2021 14:00;13.45;69.36
26/04/2021 10:00;13.36;69.43
23/04/2021 17:30;13.51;70.25
23/04/2021 14:00;13.5;70.05
23/04/2021 10:00;13.42;69.61
22/04/2021 17:30;13.48;69.53
22/04/2021 14:00;13.45;69.55
22/04/2021 10:00;13.58;70.18
20/04/2021 17:30;13.47;72.07
20/04/2021 14:00;13.5;72.29
20/04/2021 10:00;13.47;72.52
19/04/2021 17:30;12.96;72.01
19/04/2021 14:00;13.00;72.1
19/04/2021 10:00;12.87;72.8
16/04/2021 17:30;12.9;71.1
16/04/2021 14:00;12.9;71.12
16/04/2021 10:00;12.81;71.96
15/04/2021 17:30;12.81;72.11
15/04/2021 14:00;12.83;72.1
15/04/2021 10:00;12.87;72.42
14/04/2021 17:30;12.95;71.35
14/04/2021 14:00;12.94;71.35
14/04/2021 10:00;12.92;71.48
13/04/2021 17:30;12.85;72.28
13/04/2021 14:00;12.82;72.4
13/04/2021 10:00;12.79;72.68
12/04/2021 17:30;12.66;71.72
12/04/2021 14:00;12.63;72.00
12/04/2021 10:00;12.62;72.26
09/04/2021 17:30;12.64;71.35
09/04/2021 14:00;12.58;71.38
09/04/2021 10:00;12.73;71.77
08/04/2021 17:30;12.66;70.28
08/04/2021 14:00;12.7;70.43
08/04/2021 10:00;12.73;70.31
07/04/2021 17:30;12.74;69.93
07/04/2021 14:00;12.69;69.85
07/04/2021 10:00;12.88;69.89
06/04/2021 17:30;12.68;70.39
06/04/2021 14:00;12.67;70.25
06/04/2021 10:00;12.66;70.16
05/04/2021 17:30;12.54;69.57
05/04/2021 14:00;12.51;69.25
05/04/2021 10:00;12.51;68.8
01/04/2021 17:30;12.75;68.94
01/04/2021 14:00;12.77;69.25
01/04/2021 10:00;12.87;69.35
31/03/2021 17:30;13.02;68.45
31/03/2021 14:00;13.03;68.55
31/03/2021 10:00;13.2;69.39
30/03/2021 17:30;12.96;70.88
30/03/2021 14:00;12.95;70.62
30/03/2021 10:00;12.81;71.41
29/03/2021 17:30;12.8;73.17
29/03/2021 14:00;12.8;73.04
29/03/2021 10:00;12.9;73.51
26/03/2021 17:30;12.45;72.44
26/03/2021 14:00;12.43;72.58
26/03/2021 10:00;12.43;72.69
25/03/2021 17:30;12.45;73.1
25/03/2021 14:00;12.44;73.2
25/03/2021 10:00;12.33;72.85
24/03/2021 17:30;12.14;73.36
24/03/2021 14:00;12.06;73.66
24/03/2021 10:00;12.42;75.28
23/03/2021 17:30;12.26;71.56
23/03/2021 14:00;12.31;71.77
23/03/2021 10:00;12.38;72.21
22/03/2021 17:30;12.36;72.16
22/03/2021 14:00;12.31;72.41
22/03/2021 10:00;12.3;71.38
19/03/2021 17:30;12.5;73.29
19/03/2021 14:00;12.5;74.00
19/03/2021 10:00;12.63;74.14
18/03/2021 17:30;12.26;75.57
18/03/2021 14:00;12.26;75.3
18/03/2021 10:00;12.22;75.93
17/03/2021 17:30;12.2;76.21
17/03/2021 14:00;12.16;76.55
17/03/2021 10:00;12.08;75.4
16/03/2021 17:30;12.07;75.3
16/03/2021 14:00;12.1;75.25
16/03/2021 10:00;12.1;75.84
15/03/2021 17:30;12.17;72.16
15/03/2021 14:00;12.23;72.85
15/03/2021 10:00;12.23;72.54
12/03/2021 14:00;12.09;74.25
12/03/2021 10:00;12.15;73.31
11/03/2021 14:00;12.04;74.16
11/03/2021 10:00;12.02;72.29
10/03/2021 14:00;11.91;74.86
10/03/2021 10:00;11.75;75.45
09/03/2021 14:00;11.36;79.18
09/03/2021 10:00;11.64;77.2
08/03/2021 14:00;11.48;75.37
08/03/2021 10:00;11.95;74.46
05/03/2021 14:00;11.92;76.1
05/03/2021 10:00;11.88;75.4
04/03/2021 14:00;12.15;73.6
04/03/2021 10:00;12.31;74.41
03/03/2021 14:00;11.77;73.5
03/03/2021 10:00;11.52;72.53
02/03/2021 14:00;11.87;73.53
02/03/2021 10:00;11.43;74.01
01/03/2021 14:00;11.53;74.49
01/03/2021 10:00;11.79;74.07
26/02/2021 14:00;11.96;73.17
26/02/2021 10:00;12.11;74.4
25/02/2021 14:00;11.97;74.39
25/02/2021 10:00;12.29;75.49
24/02/2021 14:00;12.38;75.76
24/02/2021 10:00;12.4;76.82
23/02/2021 14:00;12.42;76.61
23/02/2021 10:00;12.52;75.86
22/02/2021 14:00;12.3;76.88
22/02/2021 10:00;12.15;78.62
19/02/2021 14:00;12.74;75.03
19/02/2021 10:00;12.84;74.73
18/02/2021 14:00;12.9;74.04
18/02/2021 10:00;12.92;73.9
17/02/2021 14:00;13.24;72.39
17/02/2021 10:00;13.19;71.92
12/02/2021 14:00;13.53;70.72
12/02/2021 10:00;13.5;70.34
11/02/2021 14:00;13.74;70.66
11/02/2021 10:00;13.88;69.81
10/02/2021 14:00;13.73;68.2
10/02/2021 10:00;13.73;67.67
09/02/2021 14:00;13.92;66.7
09/02/2021 10:00;14.18;66.14
08/02/2021 14:00;14.16;65.97
08/02/2021 10:00;14.37;66.57
05/02/2021 14:00;14.14;66.5
05/02/2021 10:00;14.28;66.26
04/02/2021 14:00;14.29;64.66
04/02/2021 10:00;14.31;64.02
03/02/2021 14:00;14.42;63.85
03/02/2021 10:00;14.53;63.07
02/02/2021 14:00;14.28;63.08
02/02/2021 10:00;14.39;62.07
01/02/2021 14:00;14.14;64.23
01/02/2021 10:00;13.96;62.95
29/01/2021 14:00;13.7;62.05
29/01/2021 10:00;13.96;62.3
28/01/2021 14:00;14.15;62.93
28/01/2021 10:00;14.06;62.87
27/01/2021 14:00;13.46;62.3
27/01/2021 10:00;13.42;63.46
26/01/2021 14:00;13.48;66.2
26/01/2021 10:00;13.6;65.88
22/01/2021 14:00;13.8;64.36
22/01/2021 10:00;13.61;64.81
21/01/2021 14:00;13.83;65.43
21/01/2021 10:00;13.82;65.21
20/01/2021 14:00;13.84;65.9
20/01/2021 10:00;13.88;66.25
19/01/2021 14:00;14.18;65.21
19/01/2021 10:00;14.36;65.64
18/01/2021 14:00;14.43;63.29
18/01/2021 10:00;14.63;63.79
15/01/2021 14:00;14.67;61.15
15/01/2021 10:00;14.85;61.87
14/01/2021 14:00;15.01;59.66
14/01/2021 10:00;14.9;59.87
13/01/2021 14:00;14.79;60.00
13/01/2021 10:00;14.49;59.13
12/01/2021 14:00;14.66;61.23
12/01/2021 10:00;14.54;62.36
11/01/2021 14:00;14.72;61.31
11/01/2021 10:00;14.85;61.79
08/01/2021 14:00;15.25;62.78
08/01/2021 10:00;15.28;60.99
07/01/2021 14:00;14.27;62.49
07/01/2021 10:00;14.52;61.16
06/01/2021 14:00;14.46;57.52
06/01/2021 10:00;14.54;58.49
05/01/2021 14:00;14.14;58.64
05/01/2021 10:00;14.17;57.88
04/01/2021 14:00;14.14;58.91
04/01/2021 10:00;14.22;58.28
30/12/2020 14:00;14.56;58.54
30/12/2020 10:00;14.42;58.35
29/12/2020 14:00;14.47;57.21
29/12/2020 10:00;14.43;57.04
28/12/2020 14:00;14.52;57.16
28/12/2020 10:00;14.59;57.2
23/12/2020 14:00;14.18;56.37
23/12/2020 10:00;14.26;56.98
22/12/2020 14:00;13.85;57.68
22/12/2020 10:00;13.74;56.76
21/12/2020 14:00;13.5;55.22
21/12/2020 10:00;13.55;55.23
18/12/2020 14:00;13.96;56.43
18/12/2020 10:00;13.88;57.04
17/12/2020 14:00;13.81;54.96
17/12/2020 10:00;13.67;55.19
16/12/2020 14:00;13.48;54.37
16/12/2020 10:00;13.41;53.94
15/12/2020 14:00;13.48;53.5
15/12/2020 10:00;13.57;53.48
14/12/2020 14:00;13.59;51.66
14/12/2020 10:00;13.7;51.08
11/12/2020 14:00;13.69;51.42
11/12/2020 10:00;13.49;50.63
10/12/2020 14:00;13.24;50.55
10/12/2020 10:00;13.07;51.6
09/12/2020 14:00;13.02;52.48
09/12/2020 10:00;13.13;52.76
08/12/2020 14:00;13.05;52.83
08/12/2020 10:00;13.09;52.66
07/12/2020 14:00;13.23;52.75
07/12/2020 10:00;13.23;52.61
04/12/2020 14:00;12.66;52.8
04/12/2020 10:00;12.75;53.55
03/12/2020 14:00;12.91;51.98
03/12/2020 10:00;13.12;51.55
02/12/2020 14:00;13.01;54.58
02/12/2020 10:00;13.05;55.58
01/12/2020 14:00;12.95;57.46
01/12/2020 10:00;12.86;57.3
30/11/2020 14:00;12.63;56.5
30/11/2020 10:00;12.53;55.85
27/11/2020 14:00;12.45;55.53
27/11/2020 10:00;12.54;55.27
26/11/2020 14:00;12.31;53.4
26/11/2020 10:00;12.34;52.99
25/11/2020 14:00;12.42;50.53
25/11/2020 10:00;12.39;49.64
24/11/2020 14:00;12.28;50.1
24/11/2020 10:00;12.13;50.01
23/11/2020 14:00;11.85;50.62
23/11/2020 10:00;11.8;50.71
20/11/2020 14:00;11.67;51.23
20/11/2020 10:00;11.76;50.71
19/11/2020 14:00;11.95;50.21
19/11/2020 10:00;11.91;50.15
18/11/2020 14:00;12.05;50.74
18/11/2020 10:00;12.08;50.16
17/11/2020 14:00;11.89;51.3
17/11/2020 10:00;11.92;52.56
16/11/2020 14:00;11.75;53.09
16/11/2020 10:00;11.74;52.79
13/11/2020 14:00;11.32;51.94
13/11/2020 10:00;11.28;51.94
12/11/2020 14:00;11.03;48.57
12/11/2020 10:00;11.24;48.5
11/11/2020 14:00;11.29;48.35
11/11/2020 10:00;11.5;48.54
10/11/2020 14:00;11.69;47.97
10/11/2020 10:00;11.64;48.08
09/11/2020 14:00;11.44;48.68
09/11/2020 10:00;11.51;48.59
06/11/2020 14:00;11.2;49.9
06/11/2020 10:00;11.16;50.17
05/11/2020 14:00;11.05;51.3
05/11/2020 10:00;10.94;50.92
04/11/2020 14:00;10.66;51.63
04/11/2020 10:00;10.84;51.95
03/11/2020 14:00;10.33;52.68
03/11/2020 10:00;10.46;52.44
30/10/2020 17:30;10.29;49.98
30/10/2020 14:00;10.25;50.05
30/10/2020 10:00;10.19;51.03
29/10/2020 17:30;10.37;49.85
29/10/2020 14:00;10.39;50.17
29/10/2020 10:00;10.34;49.68
28/10/2020 17:30;10.35;48.11
28/10/2020 14:00;10.45;48.52
28/10/2020 10:00;10.53;48.69
27/10/2020 17:30;10.63;49.61
27/10/2020 14:00;10.73;50.1
27/10/2020 10:00;10.95;50.37
26/10/2020 17:30;10.95;51.14
26/10/2020 14:00;10.93;51.00
26/10/2020 10:00;10.95;50.65
23/10/2020 17:30;10.91;51.08
23/10/2020 14:00;10.91;51.21
23/10/2020 10:00;11.02;50.99
22/10/2020 17:30;11.04;51.6
22/10/2020 14:00;11.00;51.6
22/10/2020 10:00;10.99;51.34
21/10/2020 17:30;10.92;49.95
21/10/2020 14:00;10.93;50.02
21/10/2020 10:00;10.91;50.34
20/10/2020 17:30;10.96;50.58
20/10/2020 14:00;10.96;50.69
20/10/2020 10:00;11.02;50.19
19/10/2020 17:30;10.77;49.92
19/10/2020 14:00;10.82;50.11
19/10/2020 10:00;10.92;50.21
16/10/2020 17:30;10.92;50.54
16/10/2020 14:00;10.91;50.59
16/10/2020 10:00;10.98;50.13
15/10/2020 17:30;10.89;48.28
15/10/2020 14:00;10.92;48.36
15/10/2020 10:00;10.88;48.00
14/10/2020 17:30;10.82;48.05
14/10/2020 14:00;10.89;48.19
14/10/2020 10:00;10.92;48.82
13/10/2020 17:30;10.68;48.8
13/10/2020 14:00;10.71;48.95
13/10/2020 10:00;10.79;48.53
09/10/2020 17:30;10.69;49.00
09/10/2020 14:00;10.68;48.95
09/10/2020 10:00;10.87;48.74
08/10/2020 17:30;10.6;49.3
08/10/2020 14:00;10.61;49.27
08/10/2020 10:00;10.63;48.63
07/10/2020 17:30;10.38;48.24
07/10/2020 14:00;10.4;48.39
07/10/2020 10:00;10.41;48.06
06/10/2020 17:30;10.4;47.74
06/10/2020 14:00;10.42;47.94
06/10/2020 10:00;10.55;47.42
05/10/2020 17:30;10.47;47.34
05/10/2020 14:00;10.5;47.4
05/10/2020 10:00;10.41;47.15
02/10/2020 17:30;10.06;46.18
02/10/2020 14:00;10.15;46.33
02/10/2020 10:00;10.21;47.19
01/10/2020 17:30;10.25;46.38
01/10/2020 14:00;10.27;46.5
01/10/2020 10:00;10.11;46.24
30/09/2020 17:30;10.11;45.82
30/09/2020 14:00;10.1;45.55
30/09/2020 10:00;10.07;45.64
29/09/2020 17:30;10.15;46.97
29/09/2020 14:00;10.13;47.07
29/09/2020 10:00;10.01;47.9
28/09/2020 17:30;10.24;47.4
28/09/2020 14:00;10.2;47.6
28/09/2020 10:00;10.34;47.18
25/09/2020 17:30;10.54;48.1
25/09/2020 14:00;10.54;48.14
25/09/2020 10:00;10.52;47.86
24/09/2020 17:30;10.79;46.00
24/09/2020 14:00;10.78;46.00
24/09/2020 10:00;10.84;46.72
23/09/2020 17:30;10.43;46.5
23/09/2020 14:00;10.41;46.63
23/09/2020 10:00;10.69;46.78
22/09/2020 17:30;10.55;47.05
22/09/2020 14:00;10.63;47.37
22/09/2020 10:00;10.56;47.36
21/09/2020 17:30;10.46;48.39
21/09/2020 14:00;10.44;48.53
21/09/2020 10:00;10.45;48.04
18/09/2020 17:30;10.62;49.4
18/09/2020 14:00;10.63;50.05
18/09/2020 10:00;10.63;51.01
17/09/2020 17:30;10.92;49.02
17/09/2020 14:00;10.92;49.02
17/09/2020 10:00;10.83;48.34
16/09/2020 17:30;10.8;47.6
16/09/2020 14:00;10.81;47.58
16/09/2020 10:00;10.89;47.52
15/09/2020 17:30;10.69;48.95
15/09/2020 14:00;10.62;48.89
15/09/2020 10:00;10.69;47.48
14/09/2020 17:30;10.8;46.08
14/09/2020 14:00;10.82;46.12
14/09/2020 10:00;10.7;45.69
11/09/2020 17:30;10.67;45.42
11/09/2020 14:00;10.76;45.6
11/09/2020 10:00;10.8;45.04
10/09/2020 17:30;10.96;46.02
10/09/2020 14:00;11.03;46.35
10/09/2020 10:00;11.12;46.7
09/09/2020 17:30;11.18;47.07
09/09/2020 14:00;11.19;47.05
09/09/2020 10:00;11.15;46.83
08/09/2020 17:30;10.71;46.5
08/09/2020 14:00;10.72;46.78
08/09/2020 10:00;10.64;47.06
04/09/2020 17:30;10.81;47.47
04/09/2020 14:00;10.79;47.54
04/09/2020 10:00;10.72;47.4
03/09/2020 17:30;10.88;47.74
03/09/2020 14:00;10.92;48.00
03/09/2020 10:00;10.96;47.37
02/09/2020 17:30;10.9;49.38
02/09/2020 14:00;10.87;49.01
02/09/2020 10:00;10.82;48.91
01/09/2020 17:30;10.85;51.00
01/09/2020 14:00;10.84;51.12
01/09/2020 10:00;10.77;51.23
31/08/2020 17:30;10.59;50.12
31/08/2020 14:00;10.53;50.2
31/08/2020 10:00;10.65;50.25
28/08/2020 17:30;10.95;50.89
28/08/2020 14:00;10.97;50.99
28/08/2020 10:00;10.92;50.71
27/08/2020 17:30;10.81;51.6
27/08/2020 14:00;10.78;51.42
27/08/2020 10:00;10.72;51.29
26/08/2020 17:30;10.67;51.41
26/08/2020 14:00;10.65;51.76
26/08/2020 10:00;10.73;50.85
25/08/2020 17:30;11.15;51.00
25/08/2020 14:00;11.12;51.1
25/08/2020 10:00;10.98;51.55
24/08/2020 17:30;10.8;52.06
24/08/2020 14:00;10.8;52.15
24/08/2020 10:00;10.87;52.01
21/08/2020 17:30;10.77;52.2
21/08/2020 14:00;10.81;52.15
21/08/2020 10:00;10.66;51.58
20/08/2020 17:30;10.45;52.45
20/08/2020 14:00;10.45;52.25
20/08/2020 10:00;10.32;53.00
19/08/2020 17:30;10.49;50.4
19/08/2020 14:00;10.52;50.63
19/08/2020 10:00;10.51;52.21
18/08/2020 17:30;10.48;52.02
18/08/2020 14:00;10.46;52.00
18/08/2020 10:00;10.38;51.87
17/08/2020 17:30;10.2;50.62
17/08/2020 14:00;10.19;50.98
17/08/2020 10:00;10.25;51.00
14/08/2020 17:30;10.44;50.46
14/08/2020 14:00;10.4;50.49
14/08/2020 10:00;10.35;50.88
13/08/2020 17:30;10.47;48.41
13/08/2020 14:00;10.42;47.67
13/08/2020 10:00;10.67;47.91
12/08/2020 17:30;10.83;47.25
12/08/2020 14:00;10.77;47.23
12/08/2020 10:00;10.7;46.48
11/08/2020 17:30;11.02;47.01
11/08/2020 14:00;11.01;46.9
11/08/2020 10:00;11.13;47.22
10/08/2020 17:30;11.15;47.06
10/08/2020 14:00;11.19;47.36
10/08/2020 10:00;11.05;46.53
07/08/2020 17:30;11.18;46.29
07/08/2020 14:00;11.18;46.18
07/08/2020 10:00;11.19;46.71
06/08/2020 17:30;11.4;46.75
06/08/2020 14:00;11.41;46.32
06/08/2020 10:00;11.39;46.56
05/08/2020 17:30;11.00;45.07
05/08/2020 14:00;10.97;45.28
05/08/2020 10:00;10.97;45.00
04/08/2020 17:30;11.13;42.08
04/08/2020 14:00;11.06;42.08
04/08/2020 10:00;11.04;42.14
03/08/2020 17:30;11.4;43.02
03/08/2020 14:00;11.31;43.09
03/08/2020 10:00;11.33;43.29
31/07/2020 17:30;12.03;42.2
31/07/2020 14:00;12.00;42.00
31/07/2020 10:00;12.05;42.36
30/07/2020 17:30;12.24;42.33
30/07/2020 14:00;12.24;42.22
30/07/2020 10:00;12.19;41.99
29/07/2020 17:30;12.23;41.5
29/07/2020 14:00;12.19;41.49
29/07/2020 10:00;12.23;41.11
28/07/2020 17:30;12.33;41.95
28/07/2020 14:00;12.39;42.00
28/07/2020 10:00;12.44;41.72
27/07/2020 17:30;12.34;41.85
27/07/2020 14:00;12.35;41.67
27/07/2020 10:00;12.32;41.55
24/07/2020 17:30;12.01;42.1
24/07/2020 14:00;12.01;42.3
24/07/2020 10:00;12.06;42.24
23/07/2020 17:30;12.09;40.8
23/07/2020 14:00;12.14;40.74
23/07/2020 10:00;12.38;41.01
22/07/2020 17:30;12.37;39.31
22/07/2020 14:00;12.4;39.5
22/07/2020 10:00;12.37;39.25
21/07/2020 17:30;11.55;40.41
21/07/2020 14:00;11.51;40.5
21/07/2020 10:00;11.6;40.39
20/07/2020 17:30;11.62;40.1
20/07/2020 14:00;11.64;40.24
20/07/2020 10:00;11.43;39.71
17/07/2020 17:30;11.38;39.8
17/07/2020 14:00;11.33;39.85
17/07/2020 10:00;11.36;39.62
16/07/2020 17:30;11.3;38.69
16/07/2020 14:00;11.25;38.73
16/07/2020 10:00;11.34;38.7
15/07/2020 17:30;11.46;38.87
15/07/2020 14:00;11.45;38.85
15/07/2020 10:00;11.39;38.62
14/07/2020 17:30;11.42;36.61
14/07/2020 14:00;11.41;36.66
14/07/2020 10:00;11.37;36.75
13/07/2020 17:30;11.58;36.1
13/07/2020 14:00;11.67;36.06
13/07/2020 10:00;11.63;36.34
10/07/2020 17:30;11.52;36.65
10/07/2020 14:00;11.52;36.68
10/07/2020 10:00;11.51;36.67
09/07/2020 17:30;11.51;36.46
09/07/2020 14:00;11.57;36.47
09/07/2020 10:00;11.58;36.72
08/07/2020 17:30;11.48;36.21
08/07/2020 14:00;11.5;36.15
08/07/2020 10:00;11.42;36.46
07/07/2020 17:30;11.28;36.15
07/07/2020 14:00;11.26;36.19
07/07/2020 10:00;11.36;36.32
06/07/2020 17:30;11.31;36.96
06/07/2020 14:00;11.36;36.9
06/07/2020 10:00;11.28;36.94
03/07/2020 17:30;11.13;37.17
03/07/2020 14:00;11.13;37.27
03/07/2020 10:00;11.1;36.8
02/07/2020 17:30;11.11;36.83
02/07/2020 14:00;11.12;36.82
02/07/2020 10:00;11.17;36.98
01/07/2020 17:30;11.15;37.02
01/07/2020 14:00;11.17;37.14
01/07/2020 10:00;11.26;37.07
30/06/2020 17:30;10.95;36.7
30/06/2020 14:00;11.02;36.79
30/06/2020 10:00;11.07;36.68
29/06/2020 17:30;10.9;37.74
29/06/2020 14:00;10.87;37.73
29/06/2020 10:00;10.8;37.4
26/06/2020 17:30;10.62;37.79
26/06/2020 14:00;10.6;37.88
26/06/2020 10:00;10.8;38.35
25/06/2020 17:30;11.21;38.14
25/06/2020 14:00;11.19;38.08
25/06/2020 10:00;11.08;38.15
24/06/2020 17:30;11.09;38.57
24/06/2020 14:00;11.04;38.6
24/06/2020 10:00;11.05;38.12
23/06/2020 17:30;11.41;38.15
23/06/2020 14:00;11.4;38.04
23/06/2020 10:00;11.43;38.36
22/06/2020 17:30;11.56;38.69
22/06/2020 14:00;11.58;38.99
22/06/2020 10:00;11.76;38.72
19/06/2020 17:30;11.24;39.32
19/06/2020 14:00;11.38;39.5
19/06/2020 10:00;11.46;39.16
18/06/2020 17:30;11.37;39.47
18/06/2020 14:00;11.36;39.55
18/06/2020 10:00;11.43;39.54
17/06/2020 17:30;11.7;38.88
17/06/2020 14:00;11.72;38.9
17/06/2020 10:00;11.73;38.56
16/06/2020 17:30;11.2;38.21
16/06/2020 14:00;11.12;38.1
16/06/2020 10:00;11.35;38.37
15/06/2020 17:30;10.84;38.53
15/06/2020 14:00;10.75;38.49
15/06/2020 10:00;10.78;37.66
12/06/2020 17:30;11.05;36.86
12/06/2020 14:00;11.03;37.01
12/06/2020 10:00;10.92;36.66
10/06/2020 17:30;11.49;38.11
10/06/2020 14:00;11.51;38.13
10/06/2020 10:00;11.68;38.58
09/06/2020 17:30;12.09;38.28
09/06/2020 14:00;12.05;38.17
09/06/2020 10:00;11.87;38.23
08/06/2020 17:30;11.96;38.15
08/06/2020 14:00;12.01;38.16
08/06/2020 10:00;11.8;37.9
05/06/2020 17:30;11.39;38.32
05/06/2020 14:00;11.4;38.3
05/06/2020 10:00;11.58;38.5
04/06/2020 17:30;11.23;39.99
04/06/2020 14:00;11.18;39.85
04/06/2020 10:00;11.17;39.65
